,sample_name,422.4,486.3,670,818.1,940.5,970.3,996.2,1005.4,1412.8,1461.8,1900.9,1932.2,2057.2,2151.3,2156.5,2222.1,2269,2324.3,2329.1,Porosity (%)
0,CR_01,0.7583,0.8549,0.9998,0.9997,0.9711,0.9682,0.9712,0.9698,0.9364,0.9518,0.8029,0.7948,0.9555,0.9994,1.0,0.9392,0.9459,0.9112,0.9188,8.31
1,CR_01,0.7147,0.8272,0.9999,0.9993,0.969,0.9664,0.9715,0.9713,0.9366,0.9529,0.8037,0.7996,0.9571,0.9986,1.0,0.9402,0.9446,0.911,0.9173,8.31
2,CR_01,0.7007,0.8168,0.9997,0.9995,0.9654,0.9634,0.9687,0.9669,0.9346,0.9506,0.8055,0.8041,0.9592,0.9986,1.0,0.9407,0.9444,0.9118,0.9189,8.31
3,CR_02,0.849,0.9208,0.9998,1.0,0.974,0.9726,0.9735,0.9723,0.9423,0.9579,0.8221,0.8155,0.9591,0.9983,1.0,0.9413,0.9418,0.9058,0.9125,11.86
4,CR_02,0.6415,0.7454,0.9997,0.9999,0.9697,0.969,0.9734,0.9722,0.9282,0.949,0.7783,0.7836,0.9559,0.9996,1.0,0.9378,0.9412,0.9004,0.9033,11.86
5,CR_02,0.5584,0.6645,0.9998,0.9999,0.9609,0.9575,0.9635,0.9632,0.9318,0.9523,0.7947,0.8043,0.9681,0.9991,1.0,0.9331,0.9343,0.8937,0.8986,11.86
6,CR_03,0.7453,0.8385,1.0,0.9999,0.9669,0.9653,0.9689,0.9673,0.9339,0.9493,0.8058,0.8041,0.9593,0.9994,1.0,0.9366,0.9401,0.9077,0.9114,13.64
7,CR_03,0.8027,0.8728,0.9999,0.9996,0.9668,0.9653,0.9682,0.9672,0.9342,0.9497,0.8061,0.8011,0.9597,0.9974,1.0,0.9353,0.9282,0.8839,0.8882,13.64
8,CR_03,0.7574,0.847,0.9999,0.9995,0.9692,0.9688,0.9702,0.9684,0.9343,0.9508,0.805,0.8024,0.9577,0.9984,1.0,0.937,0.94,0.905,0.9081,13.64
9,CR_04,0.7549,0.8419,0.9999,1.0,0.9698,0.968,0.9688,0.9665,0.9296,0.9493,0.7899,0.7749,0.9482,0.9993,1.0,0.9367,0.9499,0.9192,0.9234,21.73
10,CR_04,0.7551,0.8441,0.9997,0.9998,0.9702,0.9693,0.9666,0.964,0.9253,0.947,0.7832,0.763,0.9458,0.9978,1.0,0.9335,0.9472,0.9158,0.9196,21.73
11,CR_04,0.6997,0.7917,1.0,0.9999,0.967,0.9665,0.9647,0.9613,0.9238,0.9452,0.7758,0.7496,0.9416,0.999,1.0,0.932,0.9492,0.9162,0.921,21.73
12,CR_04,0.8097,0.8794,0.9999,0.9994,0.9749,0.9748,0.973,0.9722,0.9459,0.9612,0.8191,0.7977,0.9527,0.9984,1.0,0.9412,0.9582,0.9368,0.938,21.73
13,CR_05,0.7177,0.8145,0.9999,0.9998,0.9652,0.9654,0.9638,0.9606,0.9288,0.9485,0.7934,0.7711,0.9508,0.9992,1.0,0.9356,0.9335,0.8993,0.9023,12.18
14,CR_05,0.6795,0.7891,0.9997,0.9999,0.9659,0.9656,0.9632,0.9594,0.9348,0.9529,0.8089,0.7869,0.9563,0.9988,1.0,0.9358,0.938,0.9068,0.9097,12.18
15,CR_05,0.693,0.7926,0.9999,1.0,0.9618,0.9617,0.9597,0.9558,0.9262,0.947,0.7896,0.7643,0.9492,0.9997,1.0,0.932,0.9352,0.8994,0.9058,12.18
16,CR_06,0.7676,0.8623,0.9998,0.9998,0.9705,0.9695,0.9675,0.9635,0.9341,0.9519,0.8077,0.7823,0.9535,0.9993,1.0,0.9367,0.9401,0.9108,0.9133,17.25
17,CR_06,0.7331,0.8384,0.9999,1.0,0.9756,0.9753,0.976,0.9747,0.9491,0.9622,0.8368,0.8262,0.9623,0.9974,1.0,0.9433,0.945,0.9215,0.9247,17.25
18,CR_06,0.7539,0.8576,0.9997,1.0,0.9735,0.9738,0.9722,0.9705,0.9472,0.9623,0.8369,0.8182,0.9621,0.9983,1.0,0.9416,0.9455,0.9212,0.9244,17.25
19,CR_07,0.6989,0.805,0.9999,0.9996,0.9567,0.9539,0.9612,0.9613,0.9278,0.9479,0.7907,0.7957,0.9632,0.9994,1.0,0.9344,0.9355,0.8928,0.8969,23.76
20,CR_07,0.697,0.8034,0.9995,0.9997,0.9592,0.958,0.958,0.9532,0.9286,0.9506,0.7928,0.7723,0.9563,1.0,0.9997,0.9328,0.9335,0.8919,0.8965,23.76
21,CR_07,0.7774,0.8641,0.9997,0.9998,0.9718,0.9714,0.9726,0.9703,0.9413,0.9594,0.8122,0.7968,0.9587,0.9999,1.0,0.9376,0.9416,0.9044,0.9057,23.76
22,CR_08,0.7535,0.8487,0.9999,0.9995,0.9606,0.9613,0.9604,0.9581,0.9367,0.9559,0.8063,0.7915,0.9576,0.9979,1.0,0.9339,0.929,0.8897,0.8946,31.13
23,CR_08,0.6835,0.7885,0.9998,0.9995,0.9587,0.9583,0.9581,0.9546,0.9317,0.954,0.7934,0.7809,0.9573,0.9978,1.0,0.9305,0.93,0.8876,0.89,31.13
24,CR_08,0.7915,0.8728,0.9998,0.9991,0.9581,0.9585,0.9585,0.9558,0.9396,0.9582,0.8162,0.7978,0.9567,0.9973,1.0,0.9354,0.9304,0.8912,0.8976,31.13
25,CR_09,0.7747,0.8588,0.9988,0.9994,0.9569,0.9556,0.9573,0.9567,0.9304,0.9489,0.8224,0.8185,0.9652,0.9976,1.0,0.935,0.939,0.909,0.9113,24.31
26,CR_09,0.7742,0.8512,0.9991,0.9994,0.9562,0.956,0.9555,0.9519,0.9278,0.9498,0.8033,0.7804,0.9519,0.9995,1.0,0.9339,0.9364,0.8984,0.9036,24.31
27,CR_09,0.8184,0.8929,0.9998,0.9997,0.9588,0.9582,0.9595,0.9554,0.9326,0.9522,0.8083,0.7854,0.9536,0.9986,1.0,0.9336,0.9319,0.8936,0.8968,24.31
28,CR_10,0.5268,0.6475,0.9979,0.9988,0.9541,0.9555,0.9586,0.9542,0.898,0.9298,0.7522,0.7371,0.9408,0.9983,0.999,0.9359,0.9594,0.8836,0.877,17.53
29,CR_10,0.5151,0.6234,0.9963,0.9987,0.9537,0.9552,0.9601,0.9575,0.9032,0.9358,0.7721,0.7617,0.9504,0.9977,0.9977,0.9378,0.963,0.9075,0.9013,17.53
30,CR_10,0.6067,0.7217,1.0,0.9972,0.9425,0.9428,0.9496,0.9478,0.9216,0.9485,0.7911,0.8003,0.9633,0.9997,0.9998,0.9362,0.949,0.8999,0.8984,17.53
31,CR_11,0.7058,0.8107,0.9998,0.9991,0.9559,0.9556,0.9579,0.9581,0.9264,0.9476,0.8042,0.8072,0.9631,0.9974,1.0,0.9323,0.9363,0.9037,0.9057,39.8
32,CR_11,0.7691,0.8709,0.9999,0.9989,0.9572,0.9564,0.9576,0.9576,0.9224,0.9352,0.8388,0.8421,0.9674,0.9972,0.999,0.9401,0.9422,0.9185,0.9195,39.8
33,CR_11,0.7243,0.8287,0.9998,0.9998,0.9594,0.9596,0.9599,0.959,0.9357,0.9565,0.8163,0.8083,0.9655,0.9978,1.0,0.9308,0.9369,0.9043,0.9062,39.8
34,CR_12,0.7312,0.8388,0.9996,0.9991,0.9547,0.9534,0.9587,0.9601,0.9196,0.9399,0.7915,0.7984,0.9631,0.9992,1.0,0.9335,0.9429,0.9069,0.9092,28.89
35,CR_12,0.7174,0.8272,0.9997,0.9996,0.9563,0.9558,0.9625,0.9635,0.9256,0.9451,0.7922,0.8005,0.9646,0.9991,1.0,0.9316,0.9393,0.8993,0.9014,28.89
36,CR_12,0.7066,0.8244,0.9998,0.9998,0.9563,0.9557,0.9624,0.963,0.9209,0.9405,0.7902,0.7987,0.9646,0.9997,1.0,0.934,0.9426,0.9065,0.9084,28.89
37,CR_13,0.592,0.6968,0.9954,1.0,0.9546,0.9527,0.9579,0.9572,0.9091,0.9385,0.7783,0.7697,0.9609,0.9977,0.9979,0.9299,0.9485,0.9118,0.9144,12.68
38,CR_13,0.5185,0.6252,0.9626,0.9987,0.9561,0.9576,0.9597,0.956,0.9041,0.9363,0.7833,0.768,0.9669,0.9984,0.9998,0.9353,0.9595,0.9217,0.926,12.68
39,CR_13,0.7457,0.8518,0.9992,0.9993,0.955,0.9541,0.9583,0.9582,0.9317,0.9487,0.8236,0.8217,0.9676,0.9998,1.0,0.9346,0.941,0.9109,0.9139,12.68
40,CR_13,0.7551,0.8567,0.9993,0.9993,0.9552,0.9541,0.9573,0.9572,0.9308,0.9484,0.8235,0.8231,0.9686,0.9996,1.0,0.9343,0.9403,0.9115,0.9139,12.68
41,K1_03,0.8068,0.8383,0.9622,0.9996,0.9989,0.9995,0.9992,0.9993,0.9754,0.9725,0.9199,0.9246,0.9838,0.988,0.9851,0.9638,0.9231,0.828,0.8141,6.11
42,K1_03,0.8502,0.875,0.9717,0.9998,0.9979,0.9982,0.9984,0.9995,0.9747,0.97,0.9212,0.9224,0.983,0.987,0.9841,0.966,0.9118,0.8076,0.7949,6.11
43,K1_03,0.8212,0.8544,0.9691,0.9999,0.9981,0.9988,0.9988,0.9989,0.9754,0.9715,0.9212,0.926,0.9845,0.9873,0.9851,0.9658,0.9173,0.8132,0.8005,6.11
44,K1_06,0.8774,0.923,0.9997,1.0,0.9966,0.9995,0.9941,0.9867,0.9857,0.9887,0.93,0.8973,0.9726,0.9964,0.994,0.9574,0.9285,0.8788,0.8748,8.81
45,K1_06,0.8967,0.9483,0.9999,0.9998,0.9949,0.9983,0.9935,0.9875,0.9855,0.9878,0.9395,0.9081,0.9755,0.9975,0.9937,0.96,0.9293,0.8852,0.8841,8.81
46,K1_06,0.9102,0.9532,0.9998,1.0,0.9948,0.9972,0.9926,0.9876,0.983,0.9877,0.9313,0.9071,0.9752,0.9966,0.9937,0.9588,0.9359,0.8913,0.8859,8.81
47,K1_06,0.8988,0.9462,0.9998,0.9998,0.9917,0.9943,0.9894,0.9839,0.9767,0.9797,0.9339,0.9144,0.9789,0.9949,0.9924,0.9576,0.9371,0.8918,0.8871,8.81
48,K1_06,0.891,0.9321,0.9974,1.0,0.9942,0.9972,0.9908,0.9842,0.9869,0.9899,0.9374,0.9036,0.9739,0.9964,0.9934,0.9595,0.9233,0.8696,0.8655,8.81
49,K1_06,0.8659,0.9182,0.9983,1.0,0.9949,0.998,0.993,0.9878,0.9842,0.9865,0.9275,0.9033,0.9755,0.9944,0.9914,0.958,0.9307,0.8679,0.8623,8.81
50,K1_06,0.8796,0.9354,0.9996,0.9999,0.9939,0.9967,0.9925,0.9865,0.984,0.9874,0.9347,0.9082,0.9752,0.9956,0.9915,0.9585,0.9408,0.8962,0.8912,8.81
51,K1_06,0.8685,0.923,0.9977,0.9999,0.9954,0.9994,0.9927,0.985,0.9808,0.9851,0.9275,0.8921,0.9718,0.9944,0.9907,0.958,0.931,0.8735,0.8681,8.81
52,K1_08,0.883,0.9067,0.987,1.0,0.9959,0.9986,0.993,0.9872,0.9767,0.9775,0.918,0.8798,0.9802,0.9768,0.9723,0.9574,0.8852,0.777,0.7647,6.86
53,K1_08,0.864,0.8862,0.9757,0.9999,0.9949,0.998,0.9908,0.9839,0.969,0.9714,0.899,0.8579,0.9741,0.9777,0.9735,0.9588,0.8843,0.7755,0.7612,6.86
54,K1_08,0.8439,0.8861,0.9917,1.0,0.9947,0.9984,0.9921,0.9851,0.975,0.9782,0.9129,0.8741,0.9739,0.9831,0.979,0.9596,0.9053,0.814,0.8033,6.86
55,K1_08,0.8485,0.888,0.9918,0.9999,0.9933,0.9978,0.9914,0.9847,0.9751,0.9782,0.9133,0.8742,0.9737,0.9826,0.9784,0.9593,0.9038,0.8117,0.7991,6.86
56,K1_08,0.8363,0.8799,0.9925,1.0,0.9937,0.9987,0.9922,0.9853,0.9766,0.9799,0.9175,0.8801,0.9734,0.983,0.9792,0.9592,0.9078,0.8224,0.8107,6.86
57,K1_09,0.7846,0.8311,0.9751,0.9997,0.9949,0.9951,0.9993,0.998,0.9691,0.9672,0.9123,0.9044,0.9854,0.9898,0.9866,0.9644,0.9133,0.827,0.8168,10.86
58,K1_09,0.7807,0.8298,0.9698,0.9997,0.9962,0.9981,0.9993,0.9979,0.9721,0.9704,0.913,0.9041,0.9858,0.9913,0.9902,0.9595,0.9036,0.8158,0.8068,10.86
59,K1_09,0.797,0.8502,0.999,0.9993,0.9888,0.9934,0.9954,0.9913,0.9787,0.9818,0.9232,0.9004,0.9805,0.9932,0.9899,0.955,0.9056,0.8325,0.8288,10.86
60,K1_09,0.8717,0.8982,0.9821,0.9998,0.9948,0.9973,0.9974,0.9941,0.9827,0.984,0.9202,0.8926,0.9746,0.9935,0.9922,0.9617,0.9021,0.8243,0.8176,10.86
61,K1_09,0.7695,0.8209,0.9651,0.9998,0.9963,0.998,0.9991,0.998,0.9714,0.9713,0.917,0.9101,0.9888,0.9903,0.9888,0.9558,0.9038,0.8139,0.8035,10.86
62,K1_09,0.8059,0.8733,0.9983,1.0,0.9856,0.9876,0.9891,0.9869,0.9672,0.9671,0.9157,0.904,0.9825,0.991,0.9861,0.9619,0.9132,0.8283,0.8189,10.86
63,K2_01,0.891,0.9188,0.9936,0.9996,0.9863,0.9869,0.9887,0.9889,0.971,0.9683,0.9268,0.9167,0.983,0.9965,0.9941,0.9574,0.9001,0.841,0.8421,9.29
64,K2_01,0.8295,0.8614,0.9708,0.9995,0.9971,0.9977,0.9978,0.9983,0.9788,0.978,0.9171,0.9038,0.9831,0.9895,0.9859,0.9619,0.9056,0.8123,0.8022,9.29
65,K2_01,0.8205,0.8522,0.9644,1.0,0.9932,0.9933,0.9968,0.9974,0.9747,0.9713,0.914,0.9117,0.9854,0.9888,0.9857,0.9616,0.9026,0.8083,0.7973,9.29
66,K2_02A,0.869,0.9129,0.9999,0.9985,0.9702,0.9696,0.9697,0.97,0.9538,0.9546,0.904,0.8989,0.9758,0.9969,0.995,0.9601,0.9249,0.8749,0.8724,14.15
67,K2_02A,0.7311,0.7831,0.9905,0.9996,0.9749,0.9758,0.9756,0.9747,0.9706,0.9761,0.8896,0.8726,0.9787,0.9932,0.9925,0.9585,0.894,0.7908,0.7804,14.15
68,K2_02A,0.874,0.9188,1.0,0.999,0.9683,0.9674,0.9675,0.9689,0.953,0.9544,0.9094,0.9066,0.981,0.9963,0.9952,0.9569,0.9245,0.8709,0.8674,14.15
69,K2_02B,0.8596,0.8924,0.9981,0.9997,0.9851,0.9866,0.9861,0.9847,0.9698,0.9688,0.9207,0.9034,0.979,0.9934,0.9911,0.9593,0.9174,0.8603,0.8577,1.74
70,K2_02B,0.9051,0.9347,0.998,1.0,0.9817,0.9817,0.9807,0.9787,0.9678,0.9661,0.9149,0.8884,0.9778,0.9917,0.9882,0.9615,0.9009,0.8197,0.8166,1.74
71,K2_02B,0.8894,0.9227,0.9977,0.9998,0.9806,0.9818,0.9816,0.9803,0.9696,0.968,0.9168,0.9014,0.9771,0.9955,0.9937,0.9614,0.904,0.8309,0.8286,1.74
72,K2_04A,0.7623,0.8203,0.9896,1.0,0.9855,0.9885,0.986,0.9797,0.9751,0.9802,0.893,0.8582,0.9645,0.9914,0.989,0.9591,0.9123,0.8295,0.8219,3.07
73,K2_04A,0.7918,0.8462,0.9946,0.9997,0.9859,0.9884,0.9866,0.9825,0.9746,0.9795,0.8946,0.8684,0.9682,0.9956,0.9918,0.9604,0.917,0.8369,0.8281,3.07
74,K2_04A,0.8498,0.9072,0.9976,0.9999,0.9878,0.9903,0.9838,0.9776,0.979,0.9836,0.913,0.8758,0.9682,0.9978,0.9937,0.9547,0.925,0.8691,0.8663,3.07
75,K2_04A,0.8685,0.9185,0.9956,1.0,0.9871,0.9903,0.9872,0.9828,0.981,0.9847,0.92,0.8877,0.9752,0.9982,0.9957,0.9561,0.9194,0.865,0.8614,3.07
76,K2_04B,0.853,0.9005,0.9975,0.9997,0.9764,0.9757,0.98,0.9816,0.964,0.9639,0.9117,0.9162,0.9842,0.991,0.9886,0.9583,0.9215,0.8562,0.8487,17.67
77,K2_04B,0.8369,0.8895,0.9965,1.0,0.9772,0.9774,0.98,0.981,0.9572,0.9567,0.902,0.9046,0.9835,0.9869,0.9846,0.9574,0.9072,0.8232,0.8135,17.67
78,K2_04B,0.8455,0.8963,0.9994,0.9999,0.9778,0.9784,0.9807,0.9817,0.9565,0.9567,0.9063,0.9079,0.9841,0.9885,0.9861,0.9589,0.9174,0.8478,0.8382,17.67
79,K2_04B,0.8614,0.9129,0.9995,0.9999,0.9788,0.9792,0.9816,0.9831,0.9603,0.9604,0.9096,0.9162,0.9832,0.9892,0.9851,0.9576,0.9196,0.8507,0.8432,17.67
80,K2_05,0.8326,0.8796,0.9893,0.9999,0.983,0.9867,0.9814,0.9749,0.9664,0.9688,0.8855,0.8415,0.9686,0.9819,0.9787,0.9568,0.8984,0.7973,0.7835,15.23
81,K2_05,0.8366,0.8884,0.9907,0.9995,0.9871,0.9909,0.9848,0.979,0.9697,0.974,0.8993,0.8599,0.9702,0.9828,0.9806,0.9583,0.9081,0.8172,0.8056,15.23
82,K2_05,0.8358,0.886,0.9891,0.9999,0.9836,0.9862,0.9795,0.9742,0.9673,0.9711,0.895,0.8528,0.9713,0.9817,0.978,0.9574,0.9023,0.8041,0.7912,15.23
83,K2_05,0.8378,0.8858,0.9892,1.0,0.9862,0.9891,0.9838,0.9781,0.9712,0.9756,0.9036,0.8633,0.9719,0.9824,0.9781,0.9554,0.9043,0.8114,0.798,15.23
84,K2_06,0.8725,0.9116,0.9998,0.9998,0.9847,0.9873,0.9869,0.9855,0.9665,0.971,0.8906,0.8679,0.974,0.9915,0.9905,0.9614,0.9262,0.8448,0.8338,14.91
85,K2_06,0.8479,0.897,0.9994,0.9994,0.9843,0.9864,0.9861,0.9836,0.9662,0.9692,0.9025,0.8848,0.9758,0.9924,0.9904,0.9618,0.9401,0.8827,0.8737,14.91
86,K2_06,0.8696,0.9151,0.9998,1.0,0.9866,0.9883,0.9896,0.9881,0.9605,0.9622,0.9085,0.8987,0.9731,0.9945,0.9922,0.9621,0.9474,0.9037,0.899,14.91
87,K2_07,0.8643,0.8952,0.989,0.9997,0.9962,0.9979,0.9974,0.9929,0.9775,0.9801,0.9162,0.8894,0.977,0.989,0.9854,0.9599,0.9161,0.8373,0.8276,16.06
88,K2_07,0.8644,0.8928,0.9882,0.9999,0.9917,0.9939,0.9946,0.9889,0.9714,0.9747,0.9008,0.8759,0.9756,0.9862,0.9828,0.958,0.9022,0.8039,0.791,16.06
89,K2_07,0.8542,0.8931,0.9879,0.9999,0.9958,0.9987,0.9971,0.9913,0.9759,0.9795,0.9093,0.8826,0.97,0.9898,0.9862,0.9621,0.9203,0.8409,0.8324,16.06
90,K2_08,0.8593,0.8912,0.9916,1.0,0.9846,0.9859,0.9861,0.9846,0.9756,0.9773,0.9069,0.8862,0.9793,0.985,0.9816,0.96,0.8978,0.7878,0.774,17.06
91,K2_08,0.8128,0.86,0.9833,0.9999,0.987,0.9885,0.989,0.989,0.9761,0.9777,0.9111,0.9017,0.9801,0.9876,0.9842,0.9598,0.9085,0.8058,0.7912,17.06
92,K2_08,0.8436,0.8947,0.9971,1.0,0.9836,0.9861,0.9836,0.9809,0.9784,0.9813,0.9229,0.901,0.9777,0.9951,0.9905,0.957,0.918,0.8507,0.8453,17.06
93,SAL01_BA,0.7042,0.7107,0.9813,0.9371,0.8322,0.8323,0.8387,0.8336,0.8606,0.9823,0.9121,0.9019,0.9976,0.9693,0.9686,0.7538,0.7893,0.5758,0.5555,1.141
94,SAL01_BA,0.6805,0.6885,0.9805,0.935,0.8255,0.8257,0.8318,0.827,0.8554,0.9822,0.9116,0.9058,0.9988,0.9675,0.967,0.7458,0.7846,0.57,0.5502,1.141
95,SAL01_CB,0.4909,0.5028,0.9733,0.9322,0.8129,0.8167,0.8271,0.8248,0.8601,0.9561,0.8598,0.8549,0.9972,0.9628,0.9589,0.8193,0.7585,0.5366,0.5217,2.428
96,SAL01_CB,0.5251,0.5288,0.9755,0.936,0.818,0.822,0.8332,0.8317,0.8638,0.958,0.8627,0.8607,0.9971,0.9638,0.9621,0.821,0.7639,0.546,0.5309,2.428
97,SAL01_CB,0.5103,0.5166,0.9749,0.9351,0.8151,0.8186,0.8294,0.8286,0.8624,0.9572,0.8609,0.8587,0.9972,0.9628,0.9606,0.8203,0.7619,0.5426,0.5271,2.428
98,SAL01_DA,0.6964,0.6833,0.9793,0.9339,0.8217,0.8218,0.8281,0.8233,0.8367,0.9312,0.7823,0.7839,0.9899,0.9467,0.9397,0.8454,0.752,0.5245,0.5075,1.015
99,SAL01_DA,0.6954,0.6785,0.9785,0.9345,0.821,0.8215,0.8275,0.8238,0.8391,0.9337,0.7891,0.7926,0.9906,0.9483,0.9402,0.8451,0.7571,0.5347,0.5178,1.015
100,SAL01_DA,0.7058,0.6948,0.9827,0.9408,0.8355,0.8346,0.8394,0.8366,0.8389,0.9335,0.789,0.7929,0.9914,0.9446,0.9369,0.8407,0.7502,0.524,0.5079,1.015
101,SAL01_DB,0.829,0.8152,0.9877,0.9302,0.8283,0.8271,0.8366,0.8336,0.9217,0.9748,0.8595,0.8703,0.9965,0.9547,0.9494,0.8964,0.774,0.5569,0.5376,0.797
102,SAL01_DB,0.8337,0.8224,0.9869,0.9263,0.8213,0.8213,0.8301,0.8266,0.9202,0.974,0.86,0.8701,0.9966,0.9528,0.9464,0.8967,0.7672,0.5448,0.5286,0.797
103,SAL01_DC,0.8066,0.7942,0.9839,0.9358,0.8321,0.832,0.8396,0.834,0.8945,0.9703,0.8586,0.8654,0.995,0.9396,0.9332,0.8429,0.7462,0.5126,0.4946,1.158
104,SAL01_DC,0.8158,0.8035,0.9865,0.9368,0.8321,0.8321,0.8383,0.835,0.8959,0.9715,0.8598,0.8729,0.9959,0.9399,0.9335,0.8444,0.7464,0.5157,0.4974,1.158
105,SAL01_GA,0.7071,0.7558,0.9999,0.9528,0.8669,0.8656,0.8707,0.8674,0.9306,0.9803,0.9021,0.8832,0.9956,0.9488,0.9411,0.8857,0.7691,0.5378,0.5189,0.653
106,SAL01_GA,0.6499,0.7074,0.9998,0.9512,0.8588,0.8577,0.8621,0.8588,0.927,0.9793,0.9015,0.8882,0.9972,0.9452,0.9368,0.8811,0.7605,0.5261,0.5062,0.653
107,SAL01_GA,0.6979,0.7403,0.9997,0.9481,0.8536,0.8522,0.8595,0.8566,0.9297,0.9803,0.9027,0.8921,0.9972,0.9482,0.941,0.8833,0.767,0.5422,0.5224,0.653
108,SAL01_GA,0.6834,0.7336,0.9995,0.944,0.8474,0.8458,0.85,0.8467,0.9278,0.9804,0.8993,0.8893,0.9977,0.9489,0.9407,0.8824,0.764,0.5368,0.5197,0.653
109,SAL01_GB,1.0,0.9986,0.9631,0.8969,0.8434,0.8389,0.8412,0.8409,0.8836,0.9176,0.9338,0.9411,0.9922,0.9812,0.9774,0.9035,0.8572,0.6831,0.6678,2.423
110,SAL01_GB,0.9995,0.9974,0.9664,0.9005,0.847,0.841,0.8426,0.8425,0.8888,0.9239,0.9477,0.9535,0.9968,0.9813,0.9767,0.9017,0.8502,0.6693,0.6496,2.423
111,SAL01_GC,0.9909,0.9978,0.9981,0.9446,0.8831,0.8775,0.8817,0.88,0.9116,0.9473,0.9491,0.9516,0.997,0.9724,0.9687,0.8964,0.8148,0.5929,0.5748,0.695
112,SAL01_GC,0.99,0.9976,0.9999,0.9475,0.8832,0.8783,0.8818,0.8805,0.909,0.9432,0.9444,0.9544,0.9969,0.9734,0.9691,0.8987,0.815,0.5928,0.5786,0.695
113,SAL01_GD,0.8999,0.8892,0.9934,0.9466,0.8817,0.8819,0.8843,0.88,0.9245,0.9632,0.8678,0.8348,0.9888,0.9328,0.9238,0.8991,0.7422,0.5124,0.4945,1.302
114,SAL01_GD,0.9157,0.8987,0.9937,0.9478,0.8812,0.8819,0.8844,0.8796,0.9243,0.9631,0.8678,0.8365,0.9888,0.933,0.9241,0.8984,0.7426,0.5128,0.4928,1.302
115,SAL01_GE,0.7812,0.8211,0.9921,0.935,0.8465,0.8465,0.8517,0.8495,0.9225,0.9892,0.9275,0.9278,0.9984,0.9693,0.9639,0.8544,0.8108,0.6276,0.6157,1.725
116,SAL01_GE,0.799,0.8342,0.9937,0.939,0.8524,0.8527,0.8594,0.8565,0.9265,0.99,0.9317,0.9335,0.999,0.9724,0.9681,0.8575,0.8197,0.6515,0.6412,1.725
117,SAL01_GE,0.8048,0.8399,0.9952,0.939,0.8517,0.8528,0.8589,0.8559,0.9255,0.9894,0.9293,0.9305,0.9988,0.9715,0.9678,0.8583,0.8167,0.6435,0.6319,1.725
118,SAL01_J(B),0.9993,0.9989,0.9842,0.9358,0.8855,0.8821,0.8842,0.8845,0.925,0.951,0.9246,0.918,0.9961,0.9598,0.9547,0.9147,0.7716,0.5206,0.4971,1.743
119,SAL01_J(B),0.9999,0.9984,0.9813,0.9311,0.8794,0.8754,0.8813,0.8814,0.9181,0.9433,0.9203,0.9231,0.9965,0.9627,0.9591,0.9151,0.7793,0.5406,0.5155,1.743
120,SAL01_J(C),0.6367,0.7005,0.9906,0.9494,0.8849,0.8889,0.8887,0.8832,0.9196,0.9701,0.8933,0.8601,0.9901,0.9494,0.9463,0.8467,0.7492,0.5228,0.5006,1.658
121,SAL01_J(C),0.6777,0.7389,0.9963,0.9575,0.8964,0.897,0.9014,0.8985,0.9303,0.9754,0.907,0.895,0.9946,0.9532,0.9501,0.8582,0.7668,0.5506,0.531,1.658
122,SAL01_JA,1.0,0.9913,0.9447,0.8943,0.8455,0.8405,0.8427,0.8442,0.8828,0.9178,0.9222,0.9369,0.9958,0.9541,0.9498,0.8988,0.771,0.5407,0.5182,1.128
123,SAL01_JA,1.0,0.9915,0.9441,0.894,0.8451,0.8398,0.8418,0.8422,0.8811,0.916,0.9202,0.9372,0.9965,0.9549,0.9496,0.9002,0.7733,0.5414,0.5225,1.128
124,SAL01_JA,0.9988,0.9914,0.9419,0.8909,0.8393,0.8358,0.8384,0.8392,0.8792,0.9152,0.9211,0.9371,0.9968,0.9526,0.9467,0.8985,0.7645,0.5321,0.5121,1.128
125,SAL01_LA,1.0,0.9913,0.9411,0.8873,0.8326,0.828,0.8321,0.8325,0.8719,0.9087,0.9297,0.943,0.9954,0.9752,0.973,0.904,0.8313,0.6475,0.6326,2.11
126,SAL01_LA,0.9989,0.9929,0.9405,0.8845,0.8267,0.8213,0.8243,0.8251,0.8643,0.9011,0.9253,0.9442,0.9961,0.9765,0.9729,0.9047,0.8286,0.6417,0.6291,2.11
127,SAL01_MI,0.9989,0.9982,0.9932,0.9451,0.8915,0.8905,0.8919,0.891,0.9337,0.9684,0.9132,0.9147,0.9975,0.9509,0.9448,0.9191,0.7763,0.5328,0.5128,1.24
128,SAL01_MI,0.9985,0.9988,0.9979,0.9529,0.8979,0.8948,0.8995,0.8973,0.9288,0.9619,0.9095,0.9133,0.9958,0.9533,0.9463,0.9223,0.7792,0.5394,0.5206,1.24
129,SAL01_MOZ,0.9584,0.9811,0.9999,0.9688,0.9162,0.9153,0.915,0.914,0.9447,0.9679,0.9236,0.9157,0.9963,0.9431,0.9386,0.9096,0.7351,0.4806,0.455,0.824
130,SAL01_MOZ,0.9983,0.9972,0.9997,0.9627,0.9091,0.9043,0.9106,0.9098,0.9321,0.9526,0.9185,0.9189,0.9952,0.9472,0.9428,0.913,0.7463,0.4976,0.4762,0.824
131,SAL01_MOZ,0.9813,0.9938,0.9998,0.9654,0.9094,0.9064,0.9096,0.9092,0.9318,0.953,0.9165,0.918,0.9959,0.9449,0.94,0.9113,0.7387,0.4869,0.4624,0.824
132,SAL01_PB,0.715,0.6801,0.9626,0.9267,0.8018,0.8018,0.8079,0.8032,0.853,0.9703,0.8959,0.8801,0.9988,0.9589,0.9575,0.7435,0.739,0.5243,0.5088,1.155
133,SAL01_PB,0.7301,0.6898,0.9661,0.9265,0.801,0.8012,0.809,0.8027,0.8529,0.9702,0.896,0.88,0.9985,0.9571,0.9566,0.7422,0.7368,0.5247,0.5055,1.155
134,SAL01_PB,0.7399,0.6973,0.9622,0.9246,0.7961,0.7954,0.8035,0.7981,0.8555,0.9713,0.8962,0.8812,0.9983,0.9606,0.9599,0.7446,0.7402,0.5312,0.5131,1.155
135,SAL01_RA,0.628,0.6542,0.9892,0.947,0.8442,0.8438,0.8506,0.8474,0.8392,0.9223,0.7355,0.7669,0.9918,0.9634,0.9588,0.8986,0.7786,0.5446,0.5295,0.601
136,SAL01_RA,0.5721,0.5852,0.9777,0.9343,0.8114,0.8119,0.8201,0.8164,0.8234,0.9304,0.7787,0.7954,0.9944,0.9773,0.9748,0.844,0.7872,0.5553,0.5443,0.601
137,SAL01_RA,0.5894,0.6117,0.9832,0.9406,0.825,0.8247,0.833,0.8304,0.8224,0.9258,0.7603,0.7835,0.9927,0.9752,0.9729,0.8563,0.7863,0.5551,0.5445,0.601
138,SAL01_RA,0.5837,0.6079,0.983,0.9401,0.8239,0.8231,0.8315,0.8287,0.8209,0.9254,0.7591,0.7832,0.9933,0.9746,0.972,0.8552,0.7838,0.5513,0.5424,0.601
139,SAL01_UB,0.8428,0.8031,0.9824,0.9599,0.8691,0.8702,0.8756,0.8742,0.9073,0.958,0.8201,0.8464,0.9966,0.9392,0.9354,0.906,0.723,0.485,0.4653,1.019
140,SAL01_UB,0.8662,0.814,0.9828,0.9591,0.8665,0.8667,0.8758,0.8746,0.913,0.9608,0.8221,0.8504,0.9965,0.9425,0.9391,0.9107,0.7326,0.5021,0.4858,1.019
141,CR_19_001b,0.5784,0.6907,0.9914,0.9992,0.975,0.9719,0.9686,0.9623,0.8662,0.8663,0.6551,0.5907,0.8809,0.9997,0.9987,0.9565,0.9609,0.9142,0.9166,21.92
142,CR_19_001b,0.5265,0.6251,0.9739,0.999,0.9637,0.9603,0.9558,0.9478,0.797,0.7823,0.5328,0.4527,0.8066,0.9939,0.9959,0.9675,0.9814,0.9234,0.9251,21.92
143,CR_19_001b,0.5391,0.6452,0.9846,0.9995,0.9672,0.9639,0.959,0.9531,0.822,0.8112,0.5669,0.4881,0.8314,0.9988,0.9984,0.9641,0.9687,0.9113,0.9149,21.92
144,CR_19_001b,0.5127,0.6191,0.973,0.9998,0.9732,0.9707,0.9664,0.9598,0.8485,0.8464,0.6185,0.5472,0.8653,0.9997,0.9993,0.9571,0.9618,0.9106,0.9122,21.92
145,CR_19_001b,0.5576,0.6569,0.9741,0.9994,0.969,0.9669,0.9636,0.9552,0.8006,0.786,0.5399,0.4607,0.8105,0.9963,0.9971,0.9679,0.9791,0.9235,0.9254,21.92
146,CR_19_001b,0.5566,0.67,0.9968,1.0,0.9639,0.9606,0.9595,0.9549,0.8286,0.8188,0.568,0.4947,0.8308,0.9975,0.9991,0.9604,0.9651,0.9131,0.9146,21.92
147,CR_19_001b,0.5423,0.6539,0.9824,0.9999,0.9677,0.9654,0.9611,0.9545,0.8314,0.8258,0.5869,0.5116,0.8462,0.9991,0.9995,0.9583,0.9684,0.917,0.9171,21.92
148,CR_19_002b,0.6788,0.7892,0.9994,0.9967,0.9733,0.9708,0.9685,0.9603,0.9307,0.9497,0.8033,0.779,0.954,1.0,0.9998,0.9328,0.938,0.8984,0.9004,19.52
149,CR_19_002b,0.7232,0.8285,0.9996,0.9982,0.9706,0.9673,0.9655,0.9603,0.9297,0.9475,0.7987,0.7716,0.949,1.0,0.9997,0.9334,0.9379,0.903,0.9076,19.52
150,CR_19_002b,0.7038,0.8085,0.9994,0.9972,0.9683,0.9655,0.9631,0.9557,0.9268,0.9465,0.7991,0.7741,0.9529,0.9993,0.9998,0.9335,0.9362,0.8995,0.902,19.52
151,CR_19_002b,0.7262,0.8261,0.9995,0.9986,0.9632,0.9602,0.9586,0.9534,0.9316,0.9522,0.8037,0.777,0.952,0.9992,0.9996,0.9324,0.9325,0.8927,0.8955,19.52
152,CR_19_002b,0.7537,0.8384,0.9944,0.9988,0.972,0.9693,0.9662,0.9595,0.9281,0.9476,0.8021,0.7758,0.9523,0.9995,1.0,0.9342,0.9353,0.9009,0.9033,19.52
153,CR_19_002b,0.6984,0.8016,0.9977,0.9981,0.9656,0.9636,0.9603,0.953,0.9248,0.946,0.7968,0.7692,0.9538,1.0,0.9997,0.9351,0.9335,0.8936,0.8966,19.52
154,CR_19_002b,0.6869,0.8052,0.9978,0.998,0.9603,0.957,0.9558,0.9496,0.9228,0.9452,0.8008,0.7756,0.9569,0.9997,1.0,0.9312,0.9335,0.8954,0.8972,19.52
155,CR_19_002b,0.6584,0.783,0.9997,0.9996,0.9632,0.9599,0.9583,0.9525,0.9209,0.9427,0.7913,0.7609,0.9517,0.9991,0.9999,0.9309,0.9347,0.8968,0.8971,19.52
156,CR_19_004a,0.7299,0.8225,0.9991,0.9974,0.9687,0.9647,0.962,0.9573,0.9338,0.9529,0.8104,0.7803,0.9512,0.9985,1.0,0.934,0.9321,0.8959,0.899,18.47
157,CR_19_004a,0.6334,0.756,0.9996,0.998,0.9678,0.9652,0.9608,0.9538,0.9225,0.9446,0.7729,0.7367,0.9422,0.9998,1.0,0.9303,0.9303,0.8862,0.8875,18.47
158,CR_19_004a,0.6915,0.7976,0.9997,0.997,0.9688,0.9662,0.963,0.9561,0.9089,0.9225,0.744,0.6941,0.9225,0.9987,0.9996,0.9392,0.9406,0.8974,0.8976,18.47
159,CR_19_004a,0.6413,0.7601,0.9994,0.9976,0.9662,0.9633,0.9594,0.9523,0.8931,0.9012,0.7033,0.6427,0.9031,0.9984,0.9993,0.9449,0.9499,0.9055,0.9087,18.47
160,CR_19_004a,0.7333,0.8351,0.9978,0.9986,0.9732,0.9707,0.9667,0.9603,0.9376,0.9563,0.8202,0.7856,0.9549,0.9991,1.0,0.9366,0.9331,0.8986,0.9034,18.47
161,CR_19_004a,0.6846,0.7932,0.998,0.9976,0.9648,0.9623,0.9609,0.9536,0.923,0.9439,0.7934,0.7562,0.9488,0.9981,1.0,0.9345,0.9336,0.8923,0.8972,18.47
162,CR_19_004a,0.6587,0.7668,0.9977,0.9978,0.9605,0.9571,0.9565,0.9512,0.9182,0.9315,0.7643,0.7191,0.9338,0.999,0.9989,0.9399,0.9381,0.8942,0.8999,18.47
163,CR_19_005a,0.5816,0.7059,0.9988,0.9965,0.967,0.9646,0.9612,0.954,0.8967,0.9069,0.7194,0.6528,0.9084,0.998,1.0,0.9464,0.9594,0.9177,0.9158,19.1
164,CR_19_005a,0.6568,0.7725,0.999,0.9963,0.9707,0.9694,0.9664,0.9601,0.912,0.9248,0.7576,0.6982,0.9263,0.9995,1.0,0.9427,0.9503,0.9156,0.9136,19.1
165,CR_19_005a,0.6483,0.764,0.9987,0.9969,0.9748,0.9732,0.9702,0.9628,0.9149,0.9304,0.7641,0.7071,0.931,0.9996,0.9999,0.9411,0.9493,0.9112,0.9135,19.1
166,CR_19_005a,0.7895,0.8598,0.9974,0.995,0.9679,0.967,0.9663,0.9596,0.9226,0.9403,0.7839,0.7376,0.9433,0.9987,1.0,0.9371,0.944,0.9044,0.9061,19.1
167,CR_19_005a,0.5007,0.6081,0.9769,0.9957,0.9522,0.9487,0.9476,0.9374,0.7862,0.7763,0.5249,0.4404,0.8014,0.9912,0.9958,0.956,0.9788,0.9178,0.9148,19.1
168,CR_19_005a,0.6412,0.7625,0.9999,0.9995,0.9687,0.9659,0.9649,0.96,0.9064,0.9185,0.7367,0.676,0.9185,0.9992,1.0,0.9424,0.9549,0.9149,0.9154,19.1
169,CR_19_005a,0.6967,0.8072,0.9999,0.9995,0.9699,0.967,0.9661,0.9619,0.9178,0.9318,0.7638,0.7117,0.9322,0.999,1.0,0.9398,0.9503,0.9112,0.913,19.1
170,CR_19_005a,0.8169,0.893,0.9998,0.9992,0.9702,0.9688,0.9697,0.9657,0.9236,0.9375,0.7691,0.7241,0.9332,0.999,1.0,0.9385,0.9541,0.9187,0.9202,19.1
171,CR_19_006a,0.6075,0.7152,0.9811,0.999,0.9663,0.9651,0.9609,0.9557,0.8753,0.8814,0.6945,0.6139,0.8998,1.0,1.0,0.944,0.9545,0.9078,0.9075,20.39
172,CR_19_006a,0.6203,0.735,0.9968,0.9994,0.9642,0.9643,0.96,0.956,0.8739,0.8768,0.6955,0.6143,0.8972,0.9986,1.0,0.9511,0.9596,0.9162,0.9127,20.39
173,CR_19_006a,0.6012,0.7115,0.9929,0.9983,0.9508,0.9486,0.9439,0.9417,0.8356,0.8331,0.6188,0.5256,0.8617,0.9986,1.0,0.9485,0.9662,0.9128,0.9138,20.39
174,CR_19_006a,0.5549,0.663,0.9871,0.9993,0.9631,0.9624,0.9589,0.9541,0.8521,0.854,0.6589,0.5661,0.8793,0.9982,1.0,0.9504,0.9633,0.9102,0.9096,20.39
175,CR_19_006a,0.6968,0.7977,0.9983,0.9999,0.9591,0.9582,0.9563,0.9536,0.8882,0.8938,0.7082,0.6351,0.9062,0.9992,1.0,0.9461,0.9499,0.9025,0.9049,20.39
176,CR_19_006a,0.5249,0.635,0.9753,1.0,0.9529,0.9526,0.9482,0.9431,0.8467,0.8471,0.6438,0.5533,0.877,0.9987,1.0,0.9491,0.9521,0.8965,0.8987,20.39
177,CR_19_006a,0.6584,0.7383,0.9598,0.9988,0.9992,0.9987,0.9951,0.9901,0.819,0.7858,0.5784,0.4873,0.8187,0.991,0.9943,0.9784,0.9025,0.8241,0.836,20.39
178,CR_19_006a,0.7163,0.7798,0.9683,0.9997,0.9991,0.9988,0.9962,0.9922,0.8058,0.7704,0.5545,0.4628,0.8021,0.988,0.9928,0.9795,0.9097,0.831,0.8394,20.39
179,CR_19_007a,0.7246,0.7786,0.9681,0.9997,0.9991,0.9976,0.9935,0.99,0.8092,0.7729,0.5558,0.4609,0.8006,0.9881,0.9942,0.9798,0.9088,0.8339,0.8454,18.01
180,CR_19_007a,0.5994,0.7033,0.9825,0.9999,0.9582,0.9574,0.9541,0.9494,0.8696,0.8732,0.6844,0.594,0.8964,0.999,1.0,0.95,0.9506,0.8997,0.902,18.01
181,CR_19_007a,0.6675,0.7655,0.9888,0.9989,0.9564,0.9554,0.9544,0.9497,0.8689,0.8721,0.6825,0.6029,0.8922,0.9992,1.0,0.9476,0.9544,0.9081,0.9061,18.01
182,CR_19_007a,0.6415,0.7189,0.9502,0.9995,0.9987,0.9971,0.9938,0.9863,0.806,0.7749,0.5638,0.4738,0.8091,0.9884,0.9927,0.9766,0.9039,0.828,0.8364,18.01
183,CR_19_007a,0.6839,0.7534,0.9589,0.9997,0.9991,0.9988,0.9946,0.9896,0.8092,0.7756,0.5633,0.4702,0.808,0.9892,0.9929,0.9769,0.902,0.8221,0.8356,18.01
184,CR_19_007a,0.6342,0.7122,0.9445,0.9995,0.9988,0.9974,0.9885,0.981,0.7988,0.7629,0.5473,0.45,0.7933,0.9877,0.9921,0.9809,0.908,0.8264,0.8415,18.01
185,CR_19_009a,0.5357,0.6159,0.9255,0.9989,0.9987,0.993,0.9934,0.9922,0.7066,0.6718,0.4867,0.4069,0.7639,0.9821,0.9868,0.9625,0.879,0.7906,0.7961,12.88
186,CR_19_009a,0.5416,0.6195,0.9182,0.9982,0.9986,0.9935,0.9922,0.9895,0.6805,0.6448,0.46,0.3779,0.743,0.9803,0.9853,0.9634,0.8834,0.7925,0.8011,12.88
187,CR_19_009a,0.5617,0.6338,0.9198,0.9978,0.9993,0.9962,0.9927,0.9882,0.6993,0.6656,0.4804,0.3984,0.7541,0.9799,0.9865,0.9603,0.8814,0.7945,0.7998,12.88
188,CR_19_009a,0.5781,0.6472,0.9176,0.9974,0.9998,0.9961,0.9926,0.9879,0.713,0.6793,0.4903,0.4081,0.7639,0.9811,0.987,0.959,0.8772,0.7889,0.7937,12.88
189,CR_19_009a,0.5246,0.6066,0.9099,0.9986,0.9978,0.9947,0.9931,0.9891,0.705,0.6727,0.487,0.4065,0.7639,0.9824,0.9879,0.9623,0.884,0.795,0.8008,12.88
190,CR_19_009a,0.5465,0.623,0.9177,0.9989,0.9937,0.9888,0.9899,0.9875,0.7089,0.6741,0.4847,0.4043,0.7614,0.9811,0.9882,0.9619,0.8763,0.7865,0.7924,12.88
191,CR_19_009a,0.5639,0.6408,0.9228,0.9989,0.9967,0.993,0.9913,0.9889,0.7157,0.6799,0.4946,0.4113,0.7672,0.9819,0.9877,0.9644,0.8833,0.796,0.8024,12.88
192,CR_19_009a,0.5665,0.6428,0.9371,0.9992,0.9946,0.9914,0.9891,0.9866,0.7229,0.6842,0.5042,0.4218,0.7722,0.9836,0.9877,0.9694,0.8919,0.8106,0.8174,12.88
193,CR_19_010a,0.7052,0.7683,0.9564,0.9987,0.9982,1.0,0.9909,0.9847,0.9031,0.8918,0.7226,0.6404,0.9016,0.9978,0.9967,0.9582,0.8735,0.7985,0.8097,11.43
194,CR_19_010a,0.758,0.808,0.9692,1.0,0.9987,0.9986,0.9913,0.9845,0.9258,0.9183,0.7667,0.6933,0.9199,0.9994,0.9989,0.9583,0.8884,0.8215,0.8294,11.43
195,CR_19_010a,0.7265,0.7825,0.9572,0.9997,0.9987,0.9994,0.9905,0.9849,0.9138,0.9037,0.741,0.6622,0.9077,0.9981,0.9988,0.9593,0.883,0.812,0.8227,11.43
196,CR_19_010a,0.79,0.8371,0.9754,1.0,0.9981,0.9986,0.993,0.9889,0.9214,0.9143,0.7572,0.6854,0.9181,0.9989,0.999,0.9551,0.8753,0.8058,0.8157,11.43
197,CR_19_010a,0.7722,0.8242,0.9698,1.0,0.999,0.9991,0.9922,0.9886,0.9233,0.9165,0.7622,0.6898,0.9186,0.9981,0.9996,0.9548,0.8791,0.8114,0.8205,11.43
198,CR_19_010a,0.7394,0.7904,0.9542,1.0,0.9993,0.9997,0.9903,0.9847,0.9218,0.9153,0.7603,0.6844,0.9174,0.9987,1.0,0.9515,0.871,0.7982,0.8075,11.43
199,CR_19_011b,0.832,0.8644,0.9747,0.9991,0.9921,0.9892,0.9887,0.9839,0.9012,0.9105,0.7859,0.7432,0.9465,0.997,0.996,0.9318,0.8413,0.7478,0.7458,4.22
200,CR_19_011b,0.7546,0.8368,0.9986,1.0,0.9943,0.9917,0.9919,0.9898,0.9137,0.9221,0.7959,0.7548,0.948,0.9991,0.9985,0.9326,0.8519,0.7733,0.7771,4.22
201,CR_19_011b,0.7707,0.8217,0.9971,0.9994,0.9761,0.9733,0.9741,0.9716,0.9104,0.9088,0.7956,0.7508,0.9417,0.9976,0.9963,0.945,0.8601,0.7665,0.7662,4.22
202,CR_19_011b,0.7695,0.8393,0.9934,0.9998,0.9798,0.9772,0.9762,0.973,0.8997,0.9099,0.7829,0.7458,0.9408,0.9963,0.9957,0.9386,0.8699,0.7733,0.7678,4.22
203,CR_19_011b,0.8566,0.8701,0.9716,1.0,0.9826,0.9789,0.9807,0.9796,0.873,0.8972,0.7273,0.6975,0.9371,0.9927,0.9925,0.9232,0.8404,0.707,0.6981,4.22
204,CR_19_011b,0.6454,0.6455,0.9307,0.9238,0.7961,0.7929,0.7945,0.7848,0.8809,0.8888,0.7349,0.682,0.9242,0.9962,0.9952,0.9354,0.8464,0.7349,0.7289,4.22
205,CR_19_011b,0.8846,0.9011,0.9798,0.9996,0.9892,0.9884,0.9875,0.985,0.8843,0.8944,0.7414,0.6953,0.9331,0.9966,0.9963,0.9229,0.816,0.7059,0.7043,4.22
206,CR_19_011b,0.8314,0.8601,0.9703,0.9996,0.9905,0.9893,0.9892,0.9849,0.8942,0.9063,0.7622,0.7158,0.9404,0.9973,0.9966,0.9214,0.8197,0.7172,0.7169,4.22
207,CR_19_016a,0.5421,0.6768,0.9923,0.9983,0.955,0.9505,0.9526,0.9482,0.8,0.7929,0.5419,0.4751,0.8004,0.9914,0.9981,0.9606,0.9979,0.9632,0.96,21.1
208,CR_19_016a,0.5592,0.6633,0.9964,0.9949,0.9501,0.9478,0.9421,0.9305,0.7954,0.7827,0.5341,0.4459,0.8025,0.9926,0.9948,0.9624,0.972,0.9122,0.9128,21.1
209,CR_19_016a,0.5132,0.6344,0.9894,0.9965,0.9577,0.9567,0.9493,0.9373,0.7825,0.7693,0.5288,0.4425,0.7922,0.993,0.9957,0.9675,0.9849,0.936,0.9328,21.1
210,CR_19_016a,0.5243,0.6583,0.9988,0.9983,0.9555,0.9516,0.952,0.9464,0.8138,0.8061,0.5736,0.4999,0.8272,0.9941,0.9967,0.965,0.9735,0.9185,0.9202,21.1
211,CR_19_016a,0.4958,0.6213,0.9985,0.9963,0.9407,0.936,0.9346,0.9287,0.8086,0.7994,0.5554,0.4768,0.8166,0.9942,0.9979,0.9636,0.9736,0.9198,0.9181,21.1
212,CR_19_016a,0.5207,0.647,0.9984,0.997,0.9469,0.9444,0.9411,0.9353,0.7994,0.7856,0.5341,0.4493,0.8033,0.995,0.9968,0.9642,0.9792,0.9274,0.9231,21.1
213,CR_19_020c,0.588,0.6438,0.937,0.9949,0.9643,0.964,0.9562,0.9465,0.8521,0.8354,0.6461,0.5612,0.8583,0.9916,0.9937,0.9627,0.8837,0.7792,0.7766,10.0
214,CR_19_020c,0.8632,0.875,0.9716,0.9979,0.9762,0.9742,0.9699,0.9636,0.9211,0.9266,0.7748,0.7174,0.9327,0.9944,0.9937,0.9503,0.8516,0.7265,0.7216,10.0
215,CR_19_020c,0.5397,0.6117,0.9108,0.999,0.9995,0.9976,0.9913,0.984,0.8059,0.7732,0.5708,0.4776,0.8058,0.9874,0.99,0.9784,0.9088,0.8227,0.8233,10.0
216,CR_19_020c,0.7414,0.7727,0.9525,0.9992,0.9885,0.9872,0.9831,0.9737,0.9159,0.9186,0.7602,0.6918,0.9258,0.995,0.9959,0.9477,0.844,0.7134,0.7066,10.0
217,CR_19_020c,0.7409,0.742,0.9103,0.9853,0.9654,0.9653,0.961,0.9515,0.892,0.8985,0.7147,0.6415,0.9193,0.9861,0.9868,0.9398,0.7945,0.6178,0.6034,10.0
218,CR_19_020c,0.4208,0.5201,0.8998,0.9976,0.9991,0.997,0.9907,0.9814,0.7778,0.7482,0.5651,0.4742,0.7993,0.9879,0.9913,0.9855,0.9447,0.8674,0.8677,10.0
219,CR_19_023bTufa,0.3591,0.4422,0.9393,0.9979,0.9632,0.9559,0.9535,0.9528,0.5735,0.5412,0.3801,0.2988,0.6595,0.943,0.9473,0.9841,1.0,0.9277,0.9171,35.87
220,CR_19_023bTufa,0.4191,0.4926,0.9423,0.9975,0.9664,0.9611,0.9579,0.9528,0.65,0.6278,0.4704,0.3795,0.7287,0.962,0.9602,0.9878,0.9823,0.8481,0.8292,35.87
221,CR_19_023bTufa,0.3893,0.4493,0.9131,0.9955,0.9536,0.9506,0.9432,0.9331,0.6384,0.6152,0.431,0.3378,0.704,0.9527,0.9516,0.9817,0.9886,0.8646,0.8445,35.87
222,CR_19_023bTufa,0.3645,0.4599,0.9518,0.9964,0.9723,0.9656,0.9634,0.9591,0.5518,0.5107,0.3543,0.2703,0.6195,0.9187,0.9254,0.9804,0.9999,0.9674,0.9597,35.87
223,CR_19_024c,0.6586,0.7202,0.9647,0.9993,0.9808,0.9774,0.9752,0.9717,0.8341,0.8145,0.6237,0.557,0.856,0.9967,0.9969,0.9631,0.896,0.8239,0.8286,5.88
224,CR_19_024c,0.7209,0.763,0.9695,0.9993,0.9725,0.9688,0.9681,0.9627,0.8824,0.8859,0.7046,0.6549,0.9126,0.9984,0.9976,0.93,0.8331,0.7527,0.7599,5.88
225,CR_19_024c,0.7398,0.7851,0.9763,0.9985,0.9709,0.9679,0.965,0.9584,0.912,0.9171,0.7595,0.7144,0.9371,1.0,0.9987,0.9344,0.8477,0.7697,0.7734,5.88
226,CR_19_024c,0.7619,0.7945,0.9564,0.9989,0.9733,0.9692,0.9673,0.9631,0.876,0.8691,0.6926,0.6363,0.8992,0.9939,0.9948,0.9351,0.8199,0.7352,0.7419,5.88
227,CR_19_024c,0.7883,0.8209,0.9841,0.9972,0.9575,0.9532,0.9519,0.9484,0.9055,0.9054,0.7476,0.7006,0.9314,0.997,0.996,0.9339,0.8184,0.737,0.7444,5.88
228,CR_19_024c,0.778,0.8355,0.9874,0.9994,0.973,0.9699,0.9695,0.9649,0.9121,0.9181,0.7656,0.7274,0.939,0.9983,0.9983,0.9339,0.8535,0.7797,0.7853,5.88
229,CR_19_025c,0.7932,0.8222,0.9722,0.9996,0.9788,0.9771,0.9753,0.9703,0.9306,0.9365,0.8064,0.7524,0.956,0.9963,0.9984,0.9291,0.8194,0.7312,0.7342,6.07
230,CR_19_025c,0.6632,0.7091,0.955,0.9998,0.97,0.9678,0.9658,0.9609,0.9138,0.936,0.7896,0.7503,0.9546,0.9973,0.9984,0.9328,0.864,0.7795,0.7838,6.07
231,CR_19_025c,0.7237,0.7747,0.993,0.9945,0.9552,0.9542,0.9536,0.9477,0.9381,0.95,0.8266,0.7859,0.9609,0.9974,0.9968,0.9432,0.8661,0.772,0.7711,6.07
232,CR_19_025c,0.7366,0.7723,0.9683,0.997,0.9565,0.9543,0.9509,0.9464,0.9288,0.9388,0.7974,0.742,0.9548,0.9952,0.997,0.9208,0.8055,0.7201,0.7265,6.07
233,CR_19_025c,0.7557,0.8149,0.9714,0.9994,0.9832,0.9832,0.981,0.9761,0.9377,0.9494,0.8158,0.7739,0.9602,0.9963,0.9983,0.9338,0.8554,0.7765,0.7812,6.07
234,CR_19_025c,0.762,0.8113,0.9953,0.9956,0.9562,0.9554,0.9555,0.95,0.9377,0.9509,0.8236,0.7786,0.9591,0.9951,0.9976,0.9368,0.8534,0.7693,0.7724,6.07
